payment_id,amount,payment_date,customer_name,customer_email,order_id
pay_TMONWFANBA0001,28864.35,2026-08-26,Gerald Williams,laurenmoore@example.org,order_FXWRHMGF
pay_HEFPUURDNF0002,33207.09,2026-08-09,Chelsey Ford,bennettbrandi@example.net,order_XFEPZVPJ
pay_ZXJQMPJKTH0003,1672.27,2026-08-24,Autumn Krueger,hancockkatie@example.net,order_XFZWBSSM
pay_XSXXHOTESM0004,27190.34,2026-08-09,Mark Rowe,santostimothy@example.org,order_YKPCCWCW
pay_VGKIVSVDFO0005,31634.29,2026-08-13,Matthew Snyder,randystokes@example.org,order_RIHKRYHV
pay_GSZRPLJVNH0006,12699.03,2026-08-26,Philip Powell,annawelch@example.net,order_GCJEHUJH
pay_JISHEQHFCY0007,15476.21,2026-08-22,Gregory Castaneda,rojasamy@example.net,order_WGGYVJHJ
pay_NWSSCVVIZL0008,4823.91,2026-08-14,Scott Glass,taylorvictor@example.com,order_WMJJHBMR
pay_IIDCKPQOLT0009,27266.74,2026-08-25,George Mcguire,brownzachary@example.com,order_SKNRNBJH
pay_GFIPMJVBBZ0010,41522.72,2026-08-24,Joseph Mason,brownbonnie@example.com,order_DGTMZUNT
pay_JHMGOLNQDJ0011,27928.76,2026-08-15,April Davis,sara28@example.org,order_WXNVHSCX
pay_XGGVBEDUDL0012,3362.59,2026-08-19,Mrs. Olivia Noble,iwhite@example.com,order_YTLDAQZI
pay_TTGMXSNFFR0013,39025.14,2026-08-14,Laura Anthony,dharrell@example.net,order_DZNTYVUP
pay_VWPAUPVFJO0014,37576.44,2026-08-21,Kristen Porter,mlambert@example.com,order_JAGTBINZ
pay_IDKSCAGIRI0015,30240.34,2026-08-24,Laura Bell,abigail29@example.org,order_LJOOZNTI
pay_QQUZZTZVCZ0016,24152.76,2026-08-19,Joseph Mejia,barrettkevin@example.org,order_AELJBOUX
pay_TUEIOUGUUM0017,12330.17,2026-08-09,Joseph Wade,christinecarson@example.org,order_AVYBGGYS
pay_LFTTKONORG0018,37967.62,2026-08-25,Susan White,swoods@example.net,order_QZTNIUDK
pay_ICZIFEJDUW0019,36275.8,2026-08-14,Jessica Horne,ireeves@example.com,order_OMAWBIGU
pay_HMGVQZZRTL0020,41112.84,2026-08-08,Robert Beard,jamesolsen@example.com,order_GKBNWSKO
pay_ELHSRRGOYU0021,9765.04,2026-08-11,Andrea Gibson,melissaschultz@example.net,order_HNMTKLFW
pay_GQNGAYFCCN0022,20783.62,2026-08-18,Austin Humphrey,harrisdustin@example.com,order_ZWAGRZPB
pay_HLLNTFIUKE0023,25371.22,2026-08-18,Dana Sawyer,shannon65@example.net,order_WHSMOCTQ
pay_QJOAQLRUUS0024,18123.17,2026-08-19,Angela Williams,sara33@example.net,order_DVWBRRLV
pay_IOCEXFXKOM0025,23051.3,2026-08-24,Andrea Fisher,bushbilly@example.com,order_PAHPSLKI
pay_PCOVLOXAWD0026,7409.19,2026-08-13,Joseph Smith,townsenddonna@example.org,order_ULRICWDR
pay_GRUFMDWIOU0027,17327.46,2026-08-12,Christopher Flores,beasleysonya@example.com,order_WLHYEZHT
pay_GIPNEGPZOF0028,38769.89,2026-08-26,Heather Hunter,lcarney@example.net,order_LEJXRDQR
pay_NBVBWOGZMZ0029,24279.42,2026-08-18,Taylor Gibson,mromero@example.com,order_ZVVXIZJO
pay_KENUTJUZZT0030,19705.74,2026-08-12,James Jones,nicole92@example.net,order_PENESBKJ
pay_TJURDHGMOS0031,39444.42,2026-08-18,Kimberly Oliver DDS,karen15@example.org,order_FMXSRUHM
pay_PXKMCDUWBD0032,22968.75,2026-08-23,Brandon Burnett,fnelson@example.org,order_LASSTOKN
pay_VSMXVUSUBR0033,37914.7,2026-08-10,Calvin Caldwell,tmartinez@example.com,order_PBJTRZBZ
pay_VUXRTUXJOB0034,16982.64,2026-08-21,Sharon Tate,williamenglish@example.org,order_ZFYSDTQM
pay_AUUGDXUACC0035,41352.58,2026-08-07,William Armstrong,ginaclark@example.com,order_NPISRXNK
pay_ZOAZQSLVDH0036,5256.08,2026-08-15,Michael Hoover,hfreeman@example.net,order_MBLECNXW
pay_NLZUYOXUVM0037,10965.49,2026-08-19,Sherry Webb,mcclainsarah@example.org,order_PWNWJKSL
pay_GNIJHVQZND0038,4082.99,2026-08-11,Ryan Johnson,tpeck@example.com,order_XKTQMLTN
pay_NNNHSLTCFA0039,5995.52,2026-08-11,Charles Murphy,dorisfletcher@example.org,order_ZFRWIBRU
pay_XRLVLAFDUK0040,12111.28,2026-08-07,Thomas Dickson,sara11@example.com,order_SNDUEBWR
pay_SMGBIVPKFT0041,41818.88,2026-08-20,William Ramirez,jonessarah@example.net,order_KZHVJPCQ
pay_ILQEBYZAEF0042,29332.04,2026-08-12,Mary Martinez,rclark@example.net,order_PVVQNLOV
pay_BJLNCCXWPW0043,5664.94,2026-08-19,Jerry Gray,marioberg@example.net,order_HVWVNIZA
pay_GVZMGLWZTM0044,26576.82,2026-08-19,Wesley Chase,shall@example.net,order_KZHEMHZD
pay_YDWMFESGGO0045,3426.94,2026-08-25,Charles Robles,christopher59@example.net,order_NUSVKQJW
pay_OYBZGLOADT0046,38718.68,2026-08-24,John Johnson,biancacowan@example.org,order_WJTEQJFY
pay_FGPJPRQKIJ0047,30186.76,2026-08-20,Angel Flynn MD,lmadden@example.net,order_MRRVYNCF
pay_WQXBPNYWIG0048,42114.26,2026-08-08,Laura Johnson,larryjackson@example.com,order_KFXHLFPG
pay_WUSEMHCJNW0049,35361.72,2026-08-13,Holly Campos,jennifer20@example.org,order_RBGMXCCU
pay_NNUQUQXMQS0050,29739.48,2026-08-15,Anna Hernandez,bhoffman@example.net,order_GILDSTGT
pay_VOCXENERMQ0051,38906.69,2026-08-25,Steven King,tmccall@example.net,order_MWRUUSGZ
pay_YMMANKMTUJ0052,4654.2,2026-08-14,Brenda Johnston,tristanpowell@example.net,order_QLMXAQVR
pay_HKUVNQKXYP0053,8761.85,2026-08-12,Michele Smith,kristinhobbs@example.net,order_SBYUOATA
pay_KEMBSRCZFH0054,12714.9,2026-08-19,Kathleen Graves,foxamanda@example.org,order_WCXOWJAD
pay_KODQPDJIID0055,20080.1,2026-08-09,Luke Lewis,linda03@example.org,order_DQHSNTZE
pay_VOTTJHKJNV0056,44967.89,2026-08-26,Jonathan Gutierrez,mitchell58@example.net,order_ZWZCLWTT
pay_PLSWJOKWTZ0057,7692.42,2026-08-11,Michele Liu,singhanne@example.com,order_GODDPVYE
pay_VFHWECVXIH0058,40634.32,2026-08-21,Ashley Williams,karencoleman@example.net,order_GFREGRAY
pay_XUNRRSFWEO0059,12117.84,2026-08-12,Joseph Osborne,tgonzales@example.org,order_WOPGZBUW
pay_OYGKMFABOB0060,43089.96,2026-08-09,Grace Norris,kjones@example.com,order_RKENNHXU
pay_VUJFGXGVHL0061,7177.16,2026-08-17,Renee Taylor,toddschneider@example.com,order_IQYSTFED
pay_OPDXOEAUIA0062,26168.32,2026-08-09,Brenda Gibson,mccarthystacy@example.net,order_QGYSQZEE
pay_YIADNTFTZD0063,2808.15,2026-08-08,Julia Moore MD,smorris@example.net,order_ZNHLDGNM
pay_XKICURNMCX0064,7295.11,2026-08-10,Brandon Johnson,xsteele@example.com,order_MYXUKOVT
pay_DMTGRIBDBF0065,3316.33,2026-08-24,Connie Rhodes,andrew84@example.net,order_IIAIPVCF
